person_daniel_mann,coworker ,person_lillian_roth,1.0
person_jay_brazeau,coworker ,person_angus_fraser,1.0
person_john_lasseter,coworker ,person_tim_allen,1.0
person_polly_james,coworker ,person_robert_thoeren,1.0
person_claudie_blakley,coworker ,person_jeff_pope,1.0
person_davy_jones,coworker ,person_michael_nesmith,1.0
person_eric_bernt,coworker ,person_mitchell_kapner,1.0
person_françois_truffaut,coworker ,person_cornell_woolrich,1.0
person_frederick_marx,coworker ,person_william_gates,1.0
person_phil_savath,coworker ,person_david_cruise,1.0
person_tim_conway,coworker ,person_gerald_gardner,1.0
person_brandon_camp,coworker ,person_mike_thompson,1.0
person_erika_pluhar,coworker ,person_arthur_brauss,1.0
person_kevin_tyell,coworker ,person_andrew_currie,1.0
person_st._clair_mckelway,coworker ,person_douglas_sirk,1.0
person_victor_slezak,coworker ,person_annie_corley,1.0
person_akira_kurosawa,coworker ,person_ishirô_honda,1.0
person_anupam_kher,coworker ,person_salman_rushdie,1.0
person_barbara_gowdy,coworker ,person_natasha_morley,1.0
person_gene_wilder,coworker ,person_norman_steinberg,1.0
person_isabella_rossellini,coworker ,person_sean_young,1.0
person_jean-louis_richard,coworker ,person_charles_denner,1.0
person_marlon_brando,coworker ,person_elizabeth_taylor,1.0
person_richard_lagravenese,coworker ,person_annie_corley,1.0
person_tsutomu_takahashi,coworker ,person_ryûhei_kitamura,1.0
person_alexia_landeau,coworker ,person_brad_silberling,1.0
person_cary_grant,coworker ,person_lloyd_nolan,1.0
person_dwight_taylor,coworker ,person_j.p._mcevoy,1.0
person_frédéric_fonteyne,coworker ,person_madeleine_bourdouxhe,1.0
person_george_lucas,coworker ,person_mary_stuart_masterson,1.0
person_harris_yulin,coworker ,person_lauren_ambrose,1.0
person_joseph_h._lewis,coworker ,person_arthur_mayse,1.0
person_max_adrian,coworker ,person_ken_russell,1.0
person_peter_tork,coworker ,person_jack_nicholson,1.0
person_philip_halprin,coworker ,person_tommy_swerdlow,1.0
person_richard_crenna,coworker ,person_julie_cox,1.0
person_carson_mccullers,coworker ,person_marlon_brando,1.0
person_charlton_ogburn_jr.,coworker ,person_peter_brown,1.0
person_jonathan_chan-pensley,coworker ,person_rain,1.0
person_joseph_castelo,coworker ,person_tom_glynn,1.0
person_robert_nelson_jacobs,coworker ,person_cate_blanchett,1.0
person_tay_garnett,coworker ,person_louis_bromfield,1.0
person_adrian_bower,coworker ,person_claudie_blakley,1.0
person_doug_wright,coworker ,person_keith_cooke,1.0
person_elisabeth_shue,coworker ,person_jonathan_hensleigh,1.0
person_hans_christian_andersen,coworker ,person_chris_hubbell,1.0
person_james_craig,coworker ,person_ronald_colman,1.0
person_jodi_benson,coworker ,person_hans_christian_andersen,1.0
person_nicolas_cowan,coworker ,person_john_karlen,1.0
person_saoirse_ronan,coworker ,person_seth_lochhead,1.0
person_valeria_bruni_tedeschi,coworker ,person_francesco_bruni,1.0
person_yûzô_kayama,coworker ,person_ryûzô_kikushima,1.0
person_adrian_shergold,coworker ,person_michael_sheen,1.0
person_arthur_brauss,coworker ,person_erika_pluhar,1.0
person_bill_larkin,coworker ,person_bob_hope,1.0
person_daniel_auteuil,coworker ,person_kad_merad,1.0
person_joe_wiesenfeld,coworker ,person_richard_crenna,1.0
person_laura_linney,coworker ,person_richard_nelson,1.0
person_lloyd_nolan,coworker ,person_cary_grant,1.0
person_ernie_reyes_sr.,coworker ,person_dan_gordon,1.0
person_jessica_st._clair,coworker ,person_julia_louis-dreyfus,1.0
person_mark_heyman,coworker ,person_natalie_portman,1.0
person_peter_lorre,coworker ,person_thomas_beck,1.0
person_gerald_gardner,coworker ,person_jan-michael_vincent,1.0
person_philip_halprin,coworker ,person_sisqó,1.0
person_bob_hope,coworker ,person_edie_adams,1.0
person_carson_mccullers,coworker ,person_john_huston,1.0
person_chris_palermo,coworker ,person_aimee_graham,1.0
person_george_wendt,coworker ,person_kay_lenz,1.0
person_jules_verne,coworker ,person_michael_anderson,1.0
person_karl_kamb,coworker ,person_roy_del_ruth,1.0
person_phil_savath,coworker ,person_don_truckey,1.0
person_ryûhei_kitamura,coworker ,person_ryô,1.0
person_adam_beach,coworker ,person_clint_eastwood,1.0
person_frank_peretti,coworker ,person_mel_harris,1.0
person_gordon_macrae,coworker ,person_virginia_mayo,1.0
person_lila_kedrova,coworker ,person_irene_papas,1.0
person_louis_bromfield,coworker ,person_robert_thoeren,1.0
person_scout_taylor-compton,coworker ,person_rob_zombie,1.0
person_arye_gross,coworker ,person_eric_schweig,1.0
person_eric_bana,coworker ,person_mark_brandon_read,1.0
person_francia_raisa,coworker ,person_louise_griffiths,1.0
person_hale_appleman,coworker ,person_josh_pais,1.0
person_richard_crenna,coworker ,person_paul_gross,1.0
person_roger_michell,coworker ,person_richard_nelson,1.0
person_yûzô_kayama,coworker ,person_masato_ide,1.0
person_aris_servetalis,coworker ,person_johnny_vekris,1.0
person_emma_gates,coworker ,person_frederick_marx,1.0
person_karen_morley,coworker ,person_madge_evans,1.0
person_michel_chanderli,coworker ,person_barbet_schroeder,1.0
person_roula_said,coworker ,person_setta_keshishian,1.0
person_caitlyn_rund,coworker ,person_will_fetters,1.0
person_claire_danes,coworker ,person_danny_devito,1.0
person_dylan_mcdermott,coworker ,person_chitra_banerjee_divakaruni,1.0
person_george_wendt,coworker ,person_richard_moll,1.0
person_gerold_frank,coworker ,person_susan_hayward,1.0
person_mykelti_williamson,coworker ,person_emy_aneke,1.0
person_william_gates,coworker ,person_arthur_agee,1.0
person_arye_gross,coworker ,person_louise_fletcher,1.0
person_benjamin_salisbury,coworker ,person_thom_eberhardt,1.0
person_frank_peretti,coworker ,person_kathy_mackel,1.0
person_hilary_brougher,coworker ,person_graham_phillips,1.0
person_mika_mäkelä,coworker ,person_väinö_linna,1.0
person_paul_gross,coworker ,person_ben_cross,1.0
person_ralph_bellamy,coworker ,person_lon_chaney_jr.,1.0
person_risto_tuorila,coworker ,person_paavo_liski,1.0
person_eric_p._sherman,coworker ,person_ryûhei_kitamura,1.0
person_david_frankel,coworker ,person_leonard_nimoy,1.0
person_leighton_meester,coworker ,person_david_keith,1.0
person_valeriy_nikolaev,coworker ,person_val_kilmer,1.0
person_eric_schweig,coworker ,person_tim_dekay,1.0
person_george_lucas,coworker ,person_george_burns,1.0
person_laura_linney,coworker ,person_bill_murray,1.0
person_roberts_blossom,coworker ,person_candy_clark,1.0
person_ryûzô_kikushima,coworker ,person_kamatari_fujiwara,1.0
person_stephen_king,coworker ,person_tim_robbins,1.0
person_toshiaki_karasawa,coworker ,person_kyôka_suzuki,1.0
person_aris_servetalis,coworker ,person_stavros_psyllakis,1.0
person_ash_brannon,coworker ,person_joan_cusack,1.0
person_daniel_taradash,coworker ,person_sarah_y._mason,1.0
person_kurt_russell,coworker ,person_mary_kay_place,1.0
person_jobeth_williams,coworker ,person_john_cullum,1.0
person_katrina_kaif,coworker ,person_sayeed_qadri,1.0
person_kiefer_sutherland,coworker ,person_michael_douglas,1.0
person_nate_monaster,coworker ,person_bob_hope,1.0
person_nate_monaster,coworker ,person_edie_adams,1.0
person_rain,coworker ,person_ill-young_kim,1.0
person_tay_garnett,coworker ,person_edward_arnold,1.0
person_virginia_mayo,coworker ,person_karl_kamb,1.0
person_agnes_moorehead,coworker ,person_louis_bromfield,1.0
person_akshay_kumar,coworker ,person_priyadarshan,1.0
person_danny_devito,coworker ,person_claire_danes,1.0
person_karen_morley,coworker ,person_anita_page,1.0
person_nelson_gidding,coworker ,person_simon_oakland,1.0
person_sarah_y._mason,coworker ,person_barbara_stanwyck,1.0
person_kelly_reilly,coworker ,person_hilary_brougher,1.0
person_lane_smith,coworker ,person_steven_brill,1.0
person_louis_bromfield,coworker ,person_edward_arnold,1.0
person_samuel_fuller,coworker ,person_ty_hardin,1.0
person_sayeed_qadri,coworker ,person_jay_master,1.0
person_aaliyah,coworker ,person_eric_bernt,1.0
person_alfred_e._green,coworker ,person_wilson_mizner,1.0
person_john_benjamin_hickey,coworker ,person_james_bradley,1.0
person_julia_louis-dreyfus,coworker ,person_christopher_nicholas_smith,1.0
person_roberts_blossom,coworker ,person_paul_brickman,1.0
person_kevin_kline,coworker ,person_sigourney_weaver,1.0
person_leslie_mann,coworker ,person_zac_efron,1.0
person_madge_evans,coworker ,person_j.p._mcevoy,1.0
person_ned_beatty,coworker ,person_george_lucas,1.0
person_steve_miner,coworker ,person_william_katt,1.0
person_tim_conway,coworker ,person_jan-michael_vincent,1.0
person_tim_dekay,coworker ,person_arye_gross,1.0
person_tom_hanks,coworker ,person_chris_webb,1.0
person_victor_heerman,coworker ,person_adolphe_menjou,1.0
person_cate_blanchett,coworker ,person_robert_nelson_jacobs,1.0
person_harris_yulin,coworker ,person_pnenah_goldstein,1.0
person_keir_dullea,coworker ,person_eleanor_perry,1.0
person_matt_damon,coworker ,person_michael_herr,1.0
person_sarita_choudhury,coworker ,person_ayad_akhtar,1.0
person_sayeed_qadri,coworker ,person_priyadarshan,1.0
person_thomas_beck,coworker ,person_john_p._marquand,1.0
person_vansh_bhardwaj,coworker ,person_deepa_mehta,1.0
person_alfred_e._green,coworker ,person_guy_kibbee,1.0
person_gareth_evans,coworker ,person_tio_pakusodewo,1.0
person_mary_kay_place,coworker ,person_benjamin_salisbury,1.0
person_michael_ballhaus,coworker ,person_andrzej_bartkowiak,1.0
person_minoru_chiaki,coworker ,person_toshirô_mifune,1.0
person_yudai_yamaguchi,coworker ,person_ryûhei_kitamura,1.0
person_charles_aitken,coworker ,person_larry_brand,1.0
person_maya_banno,coworker ,person_katsuhito_ishii,1.0
person_paul_gross,coworker ,person_jules_verne,1.0
person_rita_hsiao,coworker ,person_kelsey_grammer,1.0
person_walter_doniger,coworker ,person_jane_greer,1.0
person_russell_wong,coworker ,person_mitchell_kapner,1.0
person_ryûzô_kikushima,coworker ,person_yûzô_kayama,1.0
person_susan_hayward,coworker ,person_daniel_mann,1.0
person_amy_adams,coworker ,person_david_magee,1.0
person_anne_joyce,coworker ,person_james_gray,1.0
person_cuba_gooding_jr.,coworker ,person_tommy_swerdlow,1.0
person_gary_paulsen,coworker ,person_james_coburn,1.0
person_howard_ashman,coworker ,person_john_musker,1.0
person_john_mills,coworker ,person_peggy_ashcroft,1.0
person_mylène_jampanoï,coworker ,person_robert_toupin,1.0
person_adrian_shergold,coworker ,person_claudie_blakley,1.0
person_david_keith,coworker ,person_kathy_mackel,1.0
person_derek_ambrosi,coworker ,person_dion_beebe,1.0
person_mel_smith,coworker ,person_ned_beatty,1.0
person_raoul_walsh,coworker ,person_joan_bennett,1.0
person_john_meehan,coworker ,person_ronald_colman,1.0
person_kiefer_sutherland,coworker ,person_clark_johnson,1.0
person_nicki_aycox,coworker ,person_larry_brand,1.0
person_phil_savath,coworker ,person_kevin_conway,1.0
person_ralph_bellamy,coworker ,person_warren_william,1.0
person_yûzô_kayama,coworker ,person_shûgorô_yamamoto,1.0
person_dan_wyllie,coworker ,person_simon_lyndon,1.0
person_jessica_st._clair,coworker ,person_nicole_holofcener,1.0
person_ruba_nadda,coworker ,person_setta_keshishian,1.0
person_eduardo_semerjian,coworker ,person_josé_saramago,1.0
person_robin_houston,coworker ,person_john_mills,1.0
person_simon_beaufoy,coworker ,person_bharat_nalluri,1.0
person_elliot_villar,coworker ,person_craig_walker,1.0
person_kôki_mitani,coworker ,person_kyôka_suzuki,1.0
person_mark_brandon_read,coworker ,person_dan_wyllie,1.0
person_mitsuko_baishô,coworker ,person_akira_kurosawa,1.0
person_chapman_mortimer,coworker ,person_marlon_brando,1.0
person_charles_aitken,coworker ,person_henry_ian_cusick,1.0
person_jeff_pope,coworker ,person_adrian_shergold,1.0
person_michel_bouquet,coworker ,person_jeanne_moreau,1.0
person_robin_houston,coworker ,person_james_russell,1.0
person_william_petersen,coworker ,person_ted_danson,1.0
person_gloria_katz,coworker ,person_mary_stuart_masterson,1.0
person_jimmy_t._murakami,coworker ,person_john_mills,1.0
person_lane_smith,coworker ,person_emilio_estevez,1.0
person_mimsy_farmer,coworker ,person_paul_gardner,1.0
person_nicolas_cowan,coworker ,person_dan_gordon,1.0
person_warren_william,coworker ,person_ralph_bellamy,1.0
person_yûsuke_iseya,coworker ,person_eduardo_semerjian,1.0
person_ed_montgomery,coworker ,person_don_mankiewicz,1.0
person_james_schamus,coworker ,person_joan_allen,1.0
person_joe_derita,coworker ,person_moe_howard,1.0
person_nichelle_nichols,coworker ,person_jim_kouf,1.0
person_william_holden,coworker ,person_lewis_meltzer,1.0
person_amir_naderi,coworker ,person_behrouz_gharibpour,1.0
person_arthur_mayse,coworker ,person_howard_keel,1.0
person_ill-young_kim,coworker ,person_jonathan_chan-pensley,1.0
person_james_coburn,coworker ,person_nichelle_nichols,1.0
person_sarah_y._mason,coworker ,person_rouben_mamoulian,1.0
person_russell_wong,coworker ,person_john_jarrell,1.0
person_timothy_wayne_folsome,coworker ,person_mekhi_phifer,1.0
person_alisa_freyndlikh,coworker ,person_andrey_myagkov,1.0
person_andrew_stanton,coworker ,person_tim_allen,1.0
person_madge_evans,coworker ,person_dwight_taylor,1.0
person_kathrine_narducci,coworker ,person_mike_starr,1.0
person_klaus_grünberg,coworker ,person_michel_chanderli,1.0
person_andrey_myagkov,coworker ,person_aleksandr_ostrovskiy,1.0
person_eriko_hatsune,coworker ,person_kei_ôishi,1.0
person_katsuhito_ishii,coworker ,person_satomi_tezuka,1.0
person_kiefer_sutherland,coworker ,person_george_nolfi,1.0
person_michael_herr,coworker ,person_danny_devito,1.0
person_jeff_morrow,coworker ,person_daniel_b._ullman,1.0
person_john_benjamin_hickey,coworker ,person_clint_eastwood,1.0
person_louis_bromfield,coworker ,person_walter_pidgeon,1.0
person_michael_goldberg,coworker ,person_brian_levant,1.0
person_nicole_holofcener,coworker ,person_julia_louis-dreyfus,1.0
person_sisqó,coworker ,person_brian_levant,1.0
person_stephen_amidon,coworker ,person_guglielmo_pinelli,1.0
person_ash_brannon,coworker ,person_doug_chamberlin,1.0
person_bob_rafelson,coworker ,person_peter_tork,1.0
person_kevin_conway,coworker ,person_don_truckey,1.0
person_mary_stuart_masterson,coworker ,person_ron_osborn,1.0
person_steve_miner,coworker ,person_fred_dekker,1.0
person_chris_webb,coworker ,person_lee_unkrich,1.0
person_kathrine_narducci,coworker ,person_stacy_keach,1.0
person_molly_parker,coworker ,person_lynne_stopkewich,1.0
person_sarah_y._mason,coworker ,person_clifford_odets,1.0
person_barbara_gowdy,coworker ,person_lynne_stopkewich,1.0
person_rene_auberjonois,coworker ,person_ron_clements,1.0
person_curtis_gates,coworker ,person_steve_james,1.0
person_hideo_oguni,coworker ,person_shinobu_hashimoto,1.0
person_michael_madsen,coworker ,person_mykelti_williamson,1.0
person_victor_heerman,coworker ,person_lee_j._cobb,1.0
person_virginia_mayo,coworker ,person_gene_nelson,1.0
person_bill_larkin,coworker ,person_johanna_harwood,1.0
person_brian_caunter,coworker ,person_frank_vincent,1.0
person_ed_montgomery,coworker ,person_simon_oakland,1.0
person_jan-michael_vincent,coworker ,person_gerald_gardner,1.0
person_pete_docter,coworker ,person_chris_webb,1.0
person_rade_serbedzija,coworker ,person_mark_rosenthal,1.0
person_ryûhei_kitamura,coworker ,person_yudai_yamaguchi,1.0
person_adam_grossman,coworker ,person_daniel_zelik_berk,1.0
person_andrzej_bartkowiak,coworker ,person_eric_bernt,1.0
person_kim_greist,coworker ,person_harley_cross,1.0
person_mark_rosenthal,coworker ,person_lawrence_konner,1.0
person_nitin_ganatra,coworker ,person_chitra_banerjee_divakaruni,1.0
person_paul_gardner,coworker ,person_heinz_engelmann,1.0
person_kay_lenz,coworker ,person_ethan_wiley,1.0
person_adewale_akinnuoye-agbaje,coworker ,person_dylan_mcdermott,1.0
person_emma_booth,coworker ,person_dominic_purcell,1.0
person_joe_wright,coworker ,person_cate_blanchett,1.0
person_john_bosher,coworker ,person_kathrine_narducci,1.0
person_lewis_meltzer,coworker ,person_sarah_y._mason,1.0
person_madge_evans,coworker ,person_karen_morley,1.0
person_ryan_phillippe,coworker ,person_ron_powers,1.0
person_seth_lochhead,coworker ,person_vicky_krieps,1.0
person_isaiah_washington,coworker ,person_jet_li,1.0
person_tim_allen,coworker ,person_joan_cusack,1.0
person_chris_hubbell,coworker ,person_rene_auberjonois,1.0
person_dion_beebe,coworker ,person_derek_ambrosi,1.0
person_ernst_marischka,coworker ,person_sidney_buchman,1.0
person_ernst_marischka,coworker ,person_paul_muni,1.0
person_jason_bermingham,coworker ,person_josé_saramago,1.0
person_jay_richard_kennedy,coworker ,person_mike_connolly,1.0
person_john_mcintire,coworker ,person_barry_sullivan,1.0
person_louise_latham,coworker ,person_jay_presson_allen,1.0
person_ben_cross,coworker ,person_paul_gross,1.0
person_emy_aneke,coworker ,person_justine_warrington,1.0
person_jeremy_guilbaut,coworker ,person_david_wu,1.0
person_merian_c._cooper,coworker ,person_ruth_rose,1.0
person_natasha_morley,coworker ,person_jay_brazeau,1.0
person_william_katt,coworker ,person_steve_miner,1.0
person_bob_gunton,coworker ,person_morgan_freeman,1.0
person_mitsuko_baishô,coworker ,person_ishirô_honda,1.0
person_robert_scheerer,coworker ,person_dee_caruso,1.0
person_aldo_ray,coworker ,person_judy_holliday,1.0
person_john_benjamin_hickey,coworker ,person_ron_powers,1.0
person_matt_dillon,coworker ,person_kurt_russell,1.0
person_robert_wise,coworker ,person_susan_hayward,1.0
person_simon_beaufoy,coworker ,person_clare_clifford,1.0
person_simon_moore,coworker ,person_robert_wisden,1.0
person_charlize_theron,coworker ,person_ron_underwood,1.0
person_gary_paulsen,coworker ,person_tommy_swerdlow,1.0
person_hideo_oguni,coworker ,person_toshirô_mifune,1.0
person_johanna_harwood,coworker ,person_edie_adams,1.0
person_john_j._mclaughlin,coworker ,person_darren_aronofsky,1.0
person_priyadarshan,coworker ,person_akshay_kumar,1.0
person_chapman_mortimer,coworker ,person_julie_harris,1.0
person_chris_palermo,coworker ,person_sue_bailey,1.0
person_colette_emmanuelle,coworker ,person_clovis_cornillac,1.0
person_daniel_auteuil,coworker ,person_marthe_villalonga,1.0
person_joseph_jackson,coworker ,person_bette_davis,1.0
person_mary_stuart_masterson,coworker ,person_george_burns,1.0
person_jobeth_williams,coworker ,person_edward_hume,1.0
person_kim_greist,coworker ,person_chris_palermo,1.0
person_malinda_williams,coworker ,person_mari_morrow,1.0
person_mary_kay_place,coworker ,person_kurt_russell,1.0
person_nicholas_meyer,coworker ,person_steve_guttenberg,1.0
person_frédéric_fonteyne,coworker ,person_clovis_cornillac,1.0
person_jane_greer,coworker ,person_arthur_mayse,1.0
person_janet_margolin,coworker ,person_neva_patterson,1.0
person_vincent_dupont,coworker ,person_yekaterina_golubeva,1.0
person_will_fetters,coworker ,person_caitlyn_rund,1.0
person_larisa_guzeeva,coworker ,person_eldar_ryazanov,1.0
person_larry_fine,coworker ,person_joe_derita,1.0
person_shun_sugata,coworker ,person_ryô,1.0
person_william_sadler,coworker ,person_frank_darabont,1.0
person_clayton_rohner,coworker ,person_adam_grossman,1.0
person_gene_wilder,coworker ,person_leonard_nimoy,1.0
person_kelsey_grammer,coworker ,person_pete_docter,1.0
person_michael_haneke,coworker ,person_thierry_neuvic,1.0
person_robert_chomiak,coworker ,person_david_kaye,1.0
person_ron_osborn,coworker ,person_jeff_reno,1.0
person_ronald_colman,coworker ,person_james_craig,1.0
person_susumu_fujita,coworker ,person_minoru_chiaki,1.0
person_thomas_beck,coworker ,person_wyllis_cooper,1.0
person_curt_siodmak,coworker ,person_george_waggner,1.0
person_isao_kiriyama,coworker ,person_yudai_yamaguchi,1.0
person_richard_norton,coworker ,person_keith_cooke,1.0
person_väinö_linna,coworker ,person_paavo_liski,1.0
person_aldo_ray,coworker ,person_ruth_gordon,1.0
person_joaquin_phoenix,coworker ,person_elliot_villar,1.0
person_anastasia_griffith,coworker ,person_adrian_bower,1.0
person_jean-claude_brialy,coworker ,person_françois_truffaut,1.0
person_joon_lee,coworker ,person_jonathan_chan-pensley,1.0
person_maria_kawamura,coworker ,person_norio_wakamoto,1.0
person_molly_parker,coworker ,person_peter_outerbridge,1.0
person_audie_murphy,coworker ,person_john_mcintire,1.0
person_david_kaye,coworker ,person_andy_parkin,1.0
person_iko_uwais,coworker ,person_gareth_evans,1.0
person_karl_kamb,coworker ,person_virginia_mayo,1.0
person_olivia_colman,coworker ,person_richard_nelson,1.0
person_peter_outerbridge,coworker ,person_barbara_gowdy,1.0
person_arata_furuta,coworker ,person_ataru_oikawa,1.0
person_firdous_bamji,coworker ,person_ayad_akhtar,1.0
person_francis_ford_coppola,coworker ,person_claire_danes,1.0
person_frank_perry,coworker ,person_janet_margolin,1.0
person_jake_gyllenhaal,coworker ,person_susan_sarandon,1.0
person_jean-claude_brialy,coworker ,person_charles_denner,1.0
person_kad_merad,coworker ,person_marcel_pagnol,1.0
person_kay_lenz,coworker ,person_william_katt,1.0
person_neha_mahajan,coworker ,person_deepa_mehta,1.0
person_robert_scheerer,coworker ,person_tim_conway,1.0
person_gerald_petievich,coworker ,person_kiefer_sutherland,1.0
person_john_grisham,coworker ,person_michael_herr,1.0
person_kevin_conway,coworker ,person_aidan_devine,1.0
person_ted_danson,coworker ,person_jean-charles_tacchella,1.0
person_veikko_aaltonen,coworker ,person_risto_tuorila,1.0
person_annie_corley,coworker ,person_victor_slezak,1.0
person_barbara_gowdy,coworker ,person_molly_parker,1.0
person_daniel_zelik_berk,coworker ,person_darryl_sollerh,1.0
person_jay_master,coworker ,person_sayeed_qadri,1.0
person_kelsey_grammer,coworker ,person_tom_hanks,1.0
person_peter_firth,coworker ,person_bill_paxton,1.0
person_sigourney_weaver,coworker ,person_kevin_kline,1.0
person_george_c._scott,coworker ,person_brad_dourif,1.0
person_paul_gardner,coworker ,person_barbet_schroeder,1.0
person_bob_greene,coworker ,person_gene_wilder,1.0
person_don_mankiewicz,coworker ,person_susan_hayward,1.0
person_dylan_mcdermott,coworker ,person_paul_mayeda_berges,1.0
person_hans_christian_andersen,coworker ,person_howard_ashman,1.0
person_mort_lachman,coworker ,person_lionel_jeffries,1.0
person_sam_graham,coworker ,person_john_musker,1.0
person_takamasa_sato,coworker ,person_eriko_hatsune,1.0
person_james_bradley,coworker ,person_william_broyles_jr.,1.0
person_molly_parker,coworker ,person_jay_brazeau,1.0
person_james_craig,coworker ,person_john_meehan,1.0
person_jane_greer,coworker ,person_walter_doniger,1.0
person_jayne_regan,coworker ,person_wyllis_cooper,1.0
person_julianne_moore,coworker ,person_lasse_hallström,1.0
person_andrew_stanton,coworker ,person_john_lasseter,1.0
person_barbara_graham,coworker ,person_robert_wise,1.0
person_dustin_hoffman,coworker ,person_brad_silberling,1.0
person_edward_arnold,coworker ,person_william_dieterle,1.0
person_julie_harris,coworker ,person_elizabeth_taylor,1.0
person_rita_hsiao,coworker ,person_andrew_stanton,1.0
person_robert_toupin,coworker ,person_mylène_jampanoï,1.0
person_bill_murray,coworker ,person_olivia_colman,1.0
person_chapman_mortimer,coworker ,person_brian_keith,1.0
person_eric_bana,coworker ,person_cate_blanchett,1.0
person_gene_nelson,coworker ,person_gordon_macrae,1.0
person_johnny_vekris,coworker ,person_stavros_psyllakis,1.0
person_merian_c._cooper,coworker ,person_peter_firth,1.0
person_sayeed_qadri,coworker ,person_ashiesh_pandit,1.0
person_tippi_hedren,coworker ,person_louise_latham,1.0
person_victor_heerman,coworker ,person_rouben_mamoulian,1.0
person_chitra_banerjee_divakaruni,coworker ,person_gurinder_chadha,1.0
person_frédéric_fonteyne,coworker ,person_philippe_blasband,1.0
person_gerald_petievich,coworker ,person_clark_johnson,1.0
person_katrin_cartlidge,coworker ,person_milcho_manchevski,1.0
person_peter_firth,coworker ,person_merian_c._cooper,1.0
person_walter_pidgeon,coworker ,person_raoul_walsh,1.0
person_ang_lee,coworker ,person_joan_allen,1.0
person_cuba_gooding_jr.,coworker ,person_mark_gibson,1.0
person_dan_wyllie,coworker ,person_andrew_dominik,1.0
person_irene_papas,coworker ,person_lila_kedrova,1.0
person_joon_lee,coworker ,person_ill-young_kim,1.0
person_klaus_grünberg,coworker ,person_barbet_schroeder,1.0
person_reiko_dan,coworker ,person_shûgorô_yamamoto,1.0
person_claudie_blakley,coworker ,person_adrian_shergold,1.0
person_craig_walker,coworker ,person_anne_joyce,1.0
person_lotti_pharriss_knowles,coworker ,person_allison_scagliotti,1.0
person_noriko_hidaka,coworker ,person_norio_wakamoto,1.0
person_pascal_bonitzer,coworker ,person_jean-pierre_bouvier,1.0
person_rade_serbedzija,coworker ,person_jonathan_hensleigh,1.0
person_robert_thoeren,coworker ,person_louis_bromfield,1.0
person_ryûzô_kikushima,coworker ,person_toshirô_mifune,1.0
person_ataru_oikawa,coworker ,person_kei_ôishi,1.0
person_christina_cole,coworker ,person_clare_clifford,1.0
person_kyôka_suzuki,coworker ,person_tokyo_sunshine_boys,1.0
person_val_kilmer,coworker ,person_rade_serbedzija,1.0
person_val_kilmer,coworker ,person_wesley_strick,1.0
person_aishwarya_rai_bachchan,coworker ,person_gurinder_chadha,1.0
person_christopher_gable,coworker ,person_ken_russell,1.0
person_colette_emmanuelle,coworker ,person_madeleine_bourdouxhe,1.0
person_danny_lee,coworker ,person_kong_chu,1.0
person_john_grisham,coworker ,person_francis_ford_coppola,1.0
person_juliette_binoche,coworker ,person_josef_bierbichler,1.0
person_roscoe_lee_browne,coworker ,person_gerald_gardner,1.0
person_sue_bailey,coworker ,person_john_blanchard,1.0
person_takamasa_sato,coworker ,person_noriko_nakagoshi,1.0
person_theodore_bikel,coworker ,person_virginia_vincent,1.0
person_barry_sullivan,coworker ,person_audie_murphy,1.0
person_cary_grant,coworker ,person_bert_hanlon,1.0
person_cornell_woolrich,coworker ,person_jeanne_moreau,1.0
person_john_j._mclaughlin,coworker ,person_mark_heyman,1.0
person_joseph_jackson,coworker ,person_vivienne_osborne,1.0
person_louise_griffiths,coworker ,person_lotti_pharriss_knowles,1.0
person_michael_anderson,coworker ,person_joe_wiesenfeld,1.0
person_simon_beaufoy,coworker ,person_david_magee,1.0
person_yuka_itaya,coworker ,person_noriko_nakagoshi,1.0
person_bruce_mcgill,coworker ,person_candy_clark,1.0
person_chase_masterson,coworker ,person_darryl_sollerh,1.0
person_emma_gates,coworker ,person_william_gates,1.0
person_fred_dekker,coworker ,person_william_katt,1.0
person_james_bradley,coworker ,person_jesse_bradford,1.0
person_james_craig,coworker ,person_marlene_dietrich,1.0
person_marion_hänsel,coworker ,person_philippe_blasband,1.0
person_musa_torkizadeh,coworker ,person_amir_naderi,1.0
person_paul_mayeda_berges,coworker ,person_aishwarya_rai_bachchan,1.0
person_reiko_dan,coworker ,person_tsutomu_yamazaki,1.0
person_andrew_stanton,coworker ,person_pete_docter,1.0
person_chelsea_hobbs,coworker ,person_bridget_fonda,1.0
person_eddie_albert,coworker ,person_susan_hayward,1.0
person_leslie_mann,coworker ,person_jason_filardi,1.0
person_matilde_gioli,coworker ,person_guglielmo_pinelli,1.0
person_eduardo_rioseco,coworker ,person_john_v._knowles,1.0
person_jean_desailly,coworker ,person_michèle_morgan,1.0
person_kevin_spacey,coworker ,person_annie_proulx,1.0
person_john_v._knowles,coworker ,person_francia_raisa,1.0
person_rita_hsiao,coworker ,person_john_lasseter,1.0
person_sally_yeh,coworker ,person_john_woo,1.0
person_yun-fat_chow,coworker ,person_danny_lee,1.0
person_michael_goldberg,coworker ,person_nichelle_nichols,1.0
person_rauni_mollberg,coworker ,person_veikko_aaltonen,1.0
person_richard_courcet,coworker ,person_laurent_grévill,1.0
person_roberto_orci,coworker ,person_djimon_hounsou,1.0
person_victor_heerman,coworker ,person_daniel_taradash,1.0
person_jimmy_t._murakami,coworker ,person_peggy_ashcroft,1.0
person_lee_unkrich,coworker ,person_ash_brannon,1.0
person_leighton_meester,coworker ,person_mel_harris,1.0
person_ruth_rose,coworker ,person_peter_firth,1.0
person_chris_hubbell,coworker ,person_sam_graham,1.0
person_cuba_gooding_jr.,coworker ,person_sisqó,1.0
person_josh_pais,coworker ,person_mitchell_lichtenstein,1.0
person_jérôme_géronimi,coworker ,person_michèle_morgan,1.0
person_robert_wise,coworker ,person_barbara_graham,1.0
person_simon_moore,coworker ,person_david_wu,1.0
person_larisa_guzeeva,coworker ,person_andrey_myagkov,1.0
person_lee_unkrich,coworker ,person_doug_chamberlin,1.0
person_alexia_landeau,coworker ,person_susan_sarandon,1.0
person_harry_keller,coworker ,person_venetia_stevenson,1.0
person_hideo_sakaki,coworker ,person_koyuki,1.0
person_micky_dolenz,coworker ,person_bob_rafelson,1.0
person_valeriy_nikolaev,coworker ,person_leslie_charteris,1.0
person_kei_ôishi,coworker ,person_yuka_itaya,1.0
person_kevin_kline,coworker ,person_james_schamus,1.0
person_robert_james_waller,coworker ,person_annie_corley,1.0
person_stephen_king,coworker ,person_morgan_freeman,1.0
person_thierry_neuvic,coworker ,person_michael_haneke,1.0
person_alisa_freyndlikh,coworker ,person_nikita_mikhalkov,1.0
person_julianne_moore,coworker ,person_judi_dench,1.0
person_tsutomu_takahashi,coworker ,person_yudai_yamaguchi,1.0
person_victor_heerman,coworker ,person_clifford_odets,1.0
person_väinö_linna,coworker ,person_mika_mäkelä,1.0
person_wilson_mizner,coworker ,person_guy_kibbee,1.0
person_ash_brannon,coworker ,person_tim_allen,1.0
person_isao_kiriyama,coworker ,person_tsutomu_takahashi,1.0
person_annie_proulx,coworker ,person_robert_nelson_jacobs,1.0
person_gene_wilder,coworker ,person_david_frankel,1.0
person_joe_wright,coworker ,person_david_farr,1.0
person_olivia_colman,coworker ,person_samuel_west,1.0
person_susumu_fujita,coworker ,person_kamatari_fujiwara,1.0
person_tom_glynn,coworker ,person_joseph_castelo,1.0
person_matthew_sand,coworker ,person_jonathan_chan-pensley,1.0
person_mekhi_phifer,coworker ,person_malinda_williams,1.0
person_michael_nesmith,coworker ,person_micky_dolenz,1.0
person_phillip_noyce,coworker ,person_rade_serbedzija,1.0
person_willard_huyck,coworker ,person_george_burns,1.0
person_brad_dourif,coworker ,person_ed_flanders,1.0
person_darryl_f._zanuck,coworker ,person_guy_kibbee,1.0
person_burr_steers,coworker ,person_thomas_lennon,1.0
person_j.p._mcevoy,coworker ,person_harry_beaumont,1.0
person_mark_gibson,coworker ,person_nichelle_nichols,1.0
person_philip_halprin,coworker ,person_brian_levant,1.0
person_russell_wong,coworker ,person_isaiah_washington,1.0
person_polly_james,coworker ,person_agnes_moorehead,1.0
person_ric_menello,coworker ,person_elliot_villar,1.0
person_shûgorô_yamamoto,coworker ,person_akira_kurosawa,1.0
person_tokyo_sunshine_boys,coworker ,person_kôki_mitani,1.0
person_allison_scagliotti,coworker ,person_lotti_pharriss_knowles,1.0
person_elwood_ullman,coworker ,person_joe_derita,1.0
person_jay_brazeau,coworker ,person_natasha_morley,1.0
person_john_huston,coworker ,person_marlon_brando,1.0
person_michael_sheen,coworker ,person_anastasia_griffith,1.0
person_steven_shainberg,coworker ,person_maggie_gyllenhaal,1.0
person_tsutomu_takahashi,coworker ,person_ryô,1.0
person_darryl_sollerh,coworker ,person_adam_grossman,1.0
person_ewan_mcgregor,coworker ,person_caspian_tredwell-owen,1.0
person_jodi_benson,coworker ,person_pat_carroll,1.0
person_jonathan_hensleigh,coworker ,person_leslie_charteris,1.0
person_julie_cox,coworker ,person_ben_cross,1.0
person_kai_fischer,coworker ,person_erika_pluhar,1.0
person_salman_rushdie,coworker ,person_rajat_kapoor,1.0
person_andré_téchiné,coworker ,person_daniel_auteuil,1.0
person_audie_murphy,coworker ,person_venetia_stevenson,1.0
person_bill_paxton,coworker ,person_mark_rosenthal,1.0
person_frank_peretti,coworker ,person_douglas_smith,1.0
person_hideo_sakaki,coworker ,person_shun_sugata,1.0
person_laura_smet,coworker ,person_clovis_cornillac,1.0
person_nora_roberts,coworker ,person_charlotte_ross,1.0
person_norman_maurer,coworker ,person_joe_derita,1.0
person_adrian_shergold,coworker ,person_ian_puleston-davies,1.0
person_candy_clark,coworker ,person_paul_brickman,1.0
person_joel_schumacher,coworker ,person_ted_danson,1.0
person_john_musker,coworker ,person_ron_clements,1.0
person_larry_fine,coworker ,person_norman_maurer,1.0
person_madeleine_bourdouxhe,coworker ,person_laura_smet,1.0
person_masahiko_nishimura,coworker ,person_keiko_toda,1.0
person_raymond_briggs,coworker ,person_james_russell,1.0
person_william_petersen,coworker ,person_jean-charles_tacchella,1.0
person_henry_czerny,coworker ,person_sigourney_weaver,1.0
person_pascal_bonitzer,coworker ,person_marthe_villalonga,1.0
person_sergio_rubini,coworker ,person_giuseppe_tornatore,1.0
person_thomas_beck,coworker ,person_pauline_frederick,1.0
person_aishwarya_rai_bachchan,coworker ,person_nitin_ganatra,1.0
person_mark_gibson,coworker ,person_jim_kouf,1.0
person_martin_donovan,coworker ,person_michael_douglas,1.0
person_robin_gammell,coworker ,person_david_cruise,1.0
person_ron_underwood,coworker ,person_charlize_theron,1.0
person_ron_osborn,coworker ,person_george_burns,1.0
person_allen_coulter,coworker ,person_kevin_p._mccarthy,1.0
person_barbara_hershey,coworker ,person_andres_heinz,1.0
person_ben_cross,coworker ,person_richard_crenna,1.0
person_clark_johnson,coworker ,person_gerald_petievich,1.0
person_darren_aronofsky,coworker ,person_vincent_cassel,1.0
person_david_cruise,coworker ,person_don_truckey,1.0
person_david_strathairn,coworker ,person_ian_somerhalder,1.0
person_efthymis_filippou,coworker ,person_ariane_labed,1.0
person_jean-pierre_darroussin,coworker ,person_daniel_auteuil,1.0
person_mike_connolly,coworker ,person_jo_van_fleet,1.0
person_rain,coworker ,person_j._michael_straczynski,1.0
person_sayeed_qadri,coworker ,person_neeraj_shridhar,1.0
person_scarlett_johansson,coworker ,person_caspian_tredwell-owen,1.0
person_scarlett_johansson,coworker ,person_roberto_orci,1.0
person_simon_lyndon,coworker ,person_andrew_dominik,1.0
person_william_gates,coworker ,person_frederick_marx,1.0
person_adrian_shergold,coworker ,person_anastasia_griffith,1.0
person_daniel_auteuil,coworker ,person_pascal_bonitzer,1.0
person_françois_truffaut,coworker ,person_jean-louis_richard,1.0
person_seth_lochhead,coworker ,person_eric_bana,1.0
person_vincent_cassel,coworker ,person_barbara_hershey,1.0
person_dan_wyllie,coworker ,person_mark_brandon_read,1.0
person_dee_caruso,coworker ,person_roscoe_lee_browne,1.0
person_ruth_rose,coworker ,person_lawrence_konner,1.0
person_steve_james,coworker ,person_arthur_agee,1.0
person_gloria_katz,coworker ,person_brian_benben,1.0
person_roberto_orci,coworker ,person_sean_bean,1.0
person_valeriy_nikolaev,coworker ,person_jonathan_hensleigh,1.0
person_barbara_stanwyck,coworker ,person_lewis_meltzer,1.0
person_gene_nelson,coworker ,person_roy_del_ruth,1.0
person_george_nolfi,coworker ,person_gerald_petievich,1.0
person_peter_firth,coworker ,person_ruth_rose,1.0
person_catherine_deneuve,coworker ,person_pascal_bonitzer,1.0
person_emilio_estevez,coworker ,person_stephen_herek,1.0
person_howard_ashman,coworker ,person_sam_graham,1.0
person_lee_unkrich,coworker ,person_chris_webb,1.0
person_merian_c._cooper,coworker ,person_ron_underwood,1.0
person_philippe_blasband,coworker ,person_colette_emmanuelle,1.0
person_richard_conte,coworker ,person_lillian_roth,1.0
person_arthur_brauss,coworker ,person_peter_handke,1.0
person_christine_lahti,coworker ,person_mary_stuart_masterson,1.0
person_lila_kedrova,coworker ,person_anthony_quinn,1.0
person_clark_johnson,coworker ,person_eva_longoria,1.0
person_danny_lee,coworker ,person_yun-fat_chow,1.0
person_gérard_depardieu,coworker ,person_giuseppe_tornatore,1.0
person_janet_margolin,coworker ,person_frank_perry,1.0
person_ron_osborn,coworker ,person_willard_huyck,1.0
person_ruba_nadda,coworker ,person_roula_said,1.0
person_doug_chamberlin,coworker ,person_john_lasseter,1.0
person_faith_ford,coworker ,person_chase_masterson,1.0
person_jeff_morrow,coworker ,person_byron_haskin,1.0
person_mike_thompson,coworker ,person_aaron_eckhart,1.0
person_nora_roberts,coworker ,person_laura_mennell,1.0
person_philip_halprin,coworker ,person_jim_kouf,1.0
person_sisqó,coworker ,person_tommy_swerdlow,1.0
person_danny_devito,coworker ,person_francis_ford_coppola,1.0
person_philip_halprin,coworker ,person_cuba_gooding_jr.,1.0
person_george_lucas,coworker ,person_ron_osborn,1.0
person_mark_brandon_read,coworker ,person_david_field,1.0
person_marthe_villalonga,coworker ,person_daniel_auteuil,1.0
person_mort_lachman,coworker ,person_anita_ekberg,1.0
person_simon_barrett,coworker ,person_nicholas_tucci,1.0
person_christopher_daniel_barnes,coworker ,person_ron_clements,1.0
person_david_alexander,coworker ,person_bharat_nalluri,1.0
person_johnny_vekris,coworker ,person_aris_servetalis,1.0
person_susumu_fujita,coworker ,person_toshirô_mifune,1.0
person_david_farr,coworker ,person_seth_lochhead,1.0
person_ed_flanders,coworker ,person_brad_dourif,1.0
person_jennifer_aniston,coworker ,person_dan_fogler,1.0
person_joe_nelms,coworker ,person_aimee_graham,1.0
person_jonathan_hensleigh,coworker ,person_val_kilmer,1.0
person_laura_linney,coworker ,person_olivia_colman,1.0
person_sarah_y._mason,coworker ,person_victor_heerman,1.0
person_shûgorô_yamamoto,coworker ,person_ryûzô_kikushima,1.0
person_walter_pidgeon,coworker ,person_robert_thoeren,1.0
person_caitlin_fitzgerald,coworker ,person_kerry_bishé,1.0
person_gordon_douglas,coworker ,person_johanna_harwood,1.0
person_howard_da_silva,coworker ,person_frank_perry,1.0
person_minoru_chiaki,coworker ,person_ryûzô_kikushima,1.0
person_jet_li,coworker ,person_john_jarrell,1.0
person_jimmy_t._murakami,coworker ,person_james_russell,1.0
person_mika_mäkelä,coworker ,person_pirkka-pekka_petelius,1.0
person_rene_auberjonois,coworker ,person_sam_graham,1.0
person_jane_mendelsohn,coworker ,person_tristine_skyler,1.0
person_john_dwyer,coworker ,person_thom_eberhardt,1.0
person_paavo_liski,coworker ,person_mika_mäkelä,1.0
person_sameera_reddy,coworker ,person_priyadarshan,1.0
person_takamasa_sato,coworker ,person_kei_ôishi,1.0
person_anthony_howarth,coworker ,person_david_koff,1.0
person_michel_chanderli,coworker ,person_heinz_engelmann,1.0
person_robert_prosky,coworker ,person_bob_greene,1.0
person_ron_powers,coworker ,person_clint_eastwood,1.0
person_ruth_rose,coworker ,person_bill_paxton,1.0
person_andrzej_bartkowiak,coworker ,person_jet_li,1.0
person_derek_ambrosi,coworker ,person_michael_ballhaus,1.0
person_diane_ladd,coworker ,person_mike_robe,1.0
person_eduardo_rioseco,coworker ,person_allison_scagliotti,1.0
person_robert_james_waller,coworker ,person_clint_eastwood,1.0
person_stan_foster,coworker ,person_kathy_mackel,1.0
person_stephen_king,coworker ,person_adam_grossman,1.0
person_daniel_b._ullman,coworker ,person_joel_mccrea,1.0
person_eric_p._sherman,coworker ,person_tsutomu_takahashi,1.0
person_jean-pierre_bouvier,coworker ,person_pascal_bonitzer,1.0
person_jodi_benson,coworker ,person_howard_ashman,1.0
person_louise_latham,coworker ,person_sean_connery,1.0
person_tio_pakusodewo,coworker ,person_arifin_putra,1.0
person_andy_parkin,coworker ,person_david_kaye,1.0
person_frank_vincent,coworker ,person_mike_starr,1.0
person_jason_miller,coworker ,person_william_peter_blatty,1.0
person_joel_mccrea,coworker ,person_felicia_farr,1.0
person_joon_lee,coworker ,person_rain,1.0
person_martin_donovan,coworker ,person_kiefer_sutherland,1.0
person_patricia_medina,coworker ,person_arthur_mayse,1.0
person_richard_crenna,coworker ,person_joe_wiesenfeld,1.0
person_stockard_channing,coworker ,person_julia_stiles,1.0
person_vicky_krieps,coworker ,person_joe_wright,1.0
person_adolphe_menjou,coworker ,person_victor_heerman,1.0
person_kathy_mackel,coworker ,person_frank_peretti,1.0
person_martin_short,coworker ,person_mary_kay_place,1.0
person_priyadarshan,coworker ,person_neeraj_shridhar,1.0
person_tadanobu_asano,coworker ,person_maya_banno,1.0
person_tokyo_sunshine_boys,coworker ,person_kyôka_suzuki,1.0
person_amy_adams,coworker ,person_simon_beaufoy,1.0
person_mieko_harada,coworker ,person_toshie_negishi,1.0
person_norman_maurer,coworker ,person_edward_bernds,1.0
person_gloria_katz,coworker ,person_willard_huyck,1.0
person_keenan_wynn,coworker ,person_joseph_h._lewis,1.0
person_ron_clements,coworker ,person_john_musker,1.0
person_sayeed_qadri,coworker ,person_katrina_kaif,1.0
person_yekaterina_golubeva,coworker ,person_laurent_grévill,1.0
person_ed_flanders,coworker ,person_william_peter_blatty,1.0
person_linus_roache,coworker ,person_jane_mendelsohn,1.0
person_alan_bates,coworker ,person_lila_kedrova,1.0
person_katrina_kaif,coworker ,person_neeraj_shridhar,1.0
person_keiko_toda,coworker ,person_kôki_mitani,1.0
person_michèle_morgan,coworker ,person_pierre_dux,1.0
person_neeraj_shridhar,coworker ,person_jay_master,1.0
person_neeraj_shridhar,coworker ,person_sayeed_qadri,1.0
person_virginia_mayo,coworker ,person_roy_del_ruth,1.0
person_eric_bana,coworker ,person_david_farr,1.0
person_john_mcintire,coworker ,person_venetia_stevenson,1.0
person_mitchell_kapner,coworker ,person_jet_li,1.0
person_vansh_bhardwaj,coworker ,person_neha_mahajan,1.0
person_andrzej_bartkowiak,coworker ,person_isaiah_washington,1.0
person_bette_davis,coworker ,person_warren_william,1.0
person_christine_lahti,coworker ,person_leonard_nimoy,1.0
person_jean-louis_richard,coworker ,person_michel_bouquet,1.0
person_lee_unkrich,coworker ,person_andrew_stanton,1.0
person_polly_james,coworker ,person_edward_arnold,1.0
person_alexia_landeau,coworker ,person_dustin_hoffman,1.0
person_anupam_kher,coworker ,person_neha_mahajan,1.0
person_chelsea_hobbs,coworker ,person_david_wu,1.0
person_chris_hubbell,coworker ,person_hans_christian_andersen,1.0
person_john_d._klorer,coworker ,person_doris_day,1.0
person_john_woo,coworker ,person_danny_lee,1.0
person_libgart_schwarz,coworker ,person_kai_fischer,1.0
person_rei_sakuma,coworker ,person_maria_kawamura,1.0
person_chris_webb,coworker ,person_ash_brannon,1.0
person_ethan_wiley,coworker ,person_kay_lenz,1.0
person_joel_schumacher,coworker ,person_dominic_purcell,1.0
person_minoru_chiaki,coworker ,person_akira_kurosawa,1.0
person_olivia_colman,coworker ,person_laura_linney,1.0
person_edie_adams,coworker ,person_nate_monaster,1.0
person_rene_auberjonois,coworker ,person_chris_hubbell,1.0
person_dan_fogler,coworker ,person_aaron_eckhart,1.0
person_emmanuelle_devos,coworker ,person_frédéric_fonteyne,1.0
person_matthew_perry,coworker ,person_zac_efron,1.0
person_musa_torkizadeh,coworker ,person_abbas_nazeri,1.0
person_pascal_quignard,coworker ,person_sergio_rubini,1.0
person_sam_graham,coworker ,person_gerrit_graham,1.0
person_william_dieterle,coworker ,person_marlene_dietrich,1.0
person_heinz_engelmann,coworker ,person_paul_gardner,1.0
person_helen_deutsch,coworker ,person_daniel_mann,1.0
person_hideo_sakaki,coworker ,person_yudai_yamaguchi,1.0
person_keenan_wynn,coworker ,person_walter_doniger,1.0
person_max_perlich,coworker ,person_darryl_sollerh,1.0
person_richard_crenna,coworker ,person_jules_verne,1.0
person_eric_p._sherman,coworker ,person_isao_kiriyama,1.0
person_madeleine_bourdouxhe,coworker ,person_clovis_cornillac,1.0
person_marlon_brando,coworker ,person_chapman_mortimer,1.0
person_reiko_dan,coworker ,person_ryûzô_kikushima,1.0
person_rob_zombie,coworker ,person_chase_wright_vanek,1.0
person_salman_rushdie,coworker ,person_deepa_mehta,1.0
person_tsutomu_yamazaki,coworker ,person_yûzô_kayama,1.0
person_brad_dourif,coworker ,person_rob_zombie,1.0
person_clark_johnson,coworker ,person_michael_douglas,1.0
person_laura_linney,coworker ,person_roger_michell,1.0
person_madge_kennedy,coworker ,person_judy_holliday,1.0
person_akira_terao,coworker ,person_akira_kurosawa,1.0
person_bill_larkin,coworker ,person_nate_monaster,1.0
person_jim_kouf,coworker ,person_michael_goldberg,1.0
person_john_benjamin_hickey,coworker ,person_jesse_bradford,1.0
person_joseph_jackson,coworker ,person_darryl_f._zanuck,1.0
person_lennie_loftin,coworker ,person_nicole_holofcener,1.0
person_leonard_nimoy,coworker ,person_mary_stuart_masterson,1.0
person_julie_harris,coworker ,person_john_huston,1.0
person_rei_sakuma,coworker ,person_hideaki_anno,1.0
person_sameera_reddy,coworker ,person_katrina_kaif,1.0
person_sean_young,coworker ,person_william_petersen,1.0
person_walter_pidgeon,coworker ,person_louis_bromfield,1.0
person_bob_hope,coworker ,person_anita_ekberg,1.0
person_elizabeth_taylor,coworker ,person_marlon_brando,1.0
person_masato_ide,coworker ,person_yûzô_kayama,1.0
person_michael_madsen,coworker ,person_justine_warrington,1.0
person_patricia_medina,coworker ,person_walter_doniger,1.0
person_valeria_bruni_tedeschi,coworker ,person_matilde_gioli,1.0
person_barbara_graham,coworker ,person_nelson_gidding,1.0
person_eleanor_perry,coworker ,person_janet_margolin,1.0
person_ryûzô_kikushima,coworker ,person_susumu_fujita,1.0
person_andré_téchiné,coworker ,person_pascal_bonitzer,1.0
person_sandra_weintraub,coworker ,person_richard_norton,1.0
person_tom_hanks,coworker ,person_pete_docter,1.0
person_audie_murphy,coworker ,person_harry_keller,1.0
person_jean-claude_brialy,coworker ,person_michel_bouquet,1.0
person_susan_sarandon,coworker ,person_dustin_hoffman,1.0
person_barbara_hershey,coworker ,person_mila_kunis,1.0
person_simon_moore,coworker ,person_bridget_fonda,1.0
person_barbet_schroeder,coworker ,person_eugene_archer,1.0
person_daniel_zelik_berk,coworker ,person_clayton_rohner,1.0
person_kôki_mitani,coworker ,person_toshiaki_karasawa,1.0
person_lotti_pharriss_knowles,coworker ,person_francia_raisa,1.0
person_ron_underwood,coworker ,person_ruth_rose,1.0
person_mike_connolly,coworker ,person_jay_richard_kennedy,1.0
person_raul_inglis,coworker ,person_emy_aneke,1.0
person_roscoe_lee_browne,coworker ,person_dee_caruso,1.0
person_susan_hayward,coworker ,person_robert_wise,1.0
person_wim_wenders,coworker ,person_peter_handke,1.0
person_dan_fogler,coworker ,person_brandon_camp,1.0
person_david_cruise,coworker ,person_kevin_conway,1.0
person_hilary_brougher,coworker ,person_sophie_curtis,1.0
person_aimee_graham,coworker ,person_kim_greist,1.0
person_jessica_st._clair,coworker ,person_christopher_nicholas_smith,1.0
person_lee_unkrich,coworker ,person_rita_hsiao,1.0
person_stephen_amidon,coworker ,person_matilde_gioli,1.0
person_francesco_bruni,coworker ,person_matilde_gioli,1.0
person_ashiesh_pandit,coworker ,person_jay_master,1.0
person_carson_mccullers,coworker ,person_brian_keith,1.0
person_edie_adams,coworker ,person_mort_lachman,1.0
person_ethan_wiley,coworker ,person_steve_miner,1.0
person_gordon_douglas,coworker ,person_nate_monaster,1.0
person_henry_cavill,coworker ,person_emma_booth,1.0
person_joan_bennett,coworker ,person_lloyd_nolan,1.0
person_angus_fraser,coworker ,person_natasha_morley,1.0
person_brandon_camp,coworker ,person_dan_fogler,1.0
person_charlize_theron,coworker ,person_lawrence_konner,1.0
person_francesco_piccolo,coworker ,person_stephen_amidon,1.0
person_josé_saramago,coworker ,person_eduardo_semerjian,1.0
person_kyôka_suzuki,coworker ,person_keiko_toda,1.0
person_pascal_quignard,coworker ,person_roman_polanski,1.0
person_shusha,coworker ,person_anthony_howarth,1.0
person_valeriy_nikolaev,coworker ,person_rade_serbedzija,1.0
person_larry_fine,coworker ,person_vicki_trickett,1.0
person_lee_unkrich,coworker ,person_pete_docter,1.0
person_pete_docter,coworker ,person_kelsey_grammer,1.0
person_george_wendt,coworker ,person_ethan_wiley,1.0
person_tim_allen,coworker ,person_john_lasseter,1.0
person_william_broyles_jr.,coworker ,person_paul_haggis,1.0
person_aaron_eckhart,coworker ,person_dan_fogler,1.0
person_hans_christian_andersen,coworker ,person_pat_carroll,1.0
person_joel_mccrea,coworker ,person_jeff_morrow,1.0
person_mari_morrow,coworker ,person_mekhi_phifer,1.0
person_matt_damon,coworker ,person_john_grisham,1.0
person_shun_sugata,coworker ,person_eric_p._sherman,1.0
person_stephen_king,coworker ,person_daniel_zelik_berk,1.0
person_bill_paxton,coworker ,person_rade_serbedzija,1.0
person_grégoire_colin,coworker ,person_milcho_manchevski,1.0
person_guy_kibbee,coworker ,person_joseph_jackson,1.0
person_thomas_beck,coworker ,person_norman_foster,1.0
person_audie_murphy,coworker ,person_barry_sullivan,1.0
person_gerrit_graham,coworker ,person_chris_hubbell,1.0
person_kevin_tyell,coworker ,person_robert_chomiak,1.0
person_ryûzô_kikushima,coworker ,person_akira_kurosawa,1.0
person_thom_eberhardt,coworker ,person_kurt_russell,1.0
person_vicki_trickett,coworker ,person_larry_fine,1.0
person_chelsea_hobbs,coworker ,person_robert_wisden,1.0
person_david_keith,coworker ,person_leighton_meester,1.0
person_hideo_sakaki,coworker ,person_ryûhei_kitamura,1.0
person_jon_voight,coworker ,person_john_grisham,1.0
person_mike_starr,coworker ,person_john_bosher,1.0
person_nicolas_cowan,coworker ,person_ernie_reyes_jr.,1.0
person_richard_conte,coworker ,person_helen_deutsch,1.0
person_sophie_curtis,coworker ,person_kelly_reilly,1.0
person_akshay_kumar,coworker ,person_neeraj_shridhar,1.0
person_eric_bana,coworker ,person_andrew_dominik,1.0
person_russell_wong,coworker ,person_jet_li,1.0
person_ruth_rose,coworker ,person_rade_serbedzija,1.0
person_setta_keshishian,coworker ,person_ruba_nadda,1.0
person_darryl_sollerh,coworker ,person_clayton_rohner,1.0
person_mike_thompson,coworker ,person_jennifer_aniston,1.0
person_pat_carroll,coworker ,person_john_musker,1.0
person_rauni_mollberg,coworker ,person_pirkka-pekka_petelius,1.0
person_ted_danson,coworker ,person_joel_schumacher,1.0
person_theodore_isaac_rubin,coworker ,person_frank_perry,1.0
person_thomas_lennon,coworker ,person_jason_filardi,1.0
person_emma_gates,coworker ,person_curtis_gates,1.0
person_fernando_meirelles,coworker ,person_eduardo_semerjian,1.0
person_michael_goldberg,coworker ,person_sisqó,1.0
person_neha_mahajan,coworker ,person_vansh_bhardwaj,1.0
person_stockard_channing,coworker ,person_patrick_stettner,1.0
person_dominic_purcell,coworker ,person_emma_booth,1.0
person_steven_shainberg,coworker ,person_mary_gaitskill,1.0
person_vincent_dupont,coworker ,person_jean-pol_fargeau,1.0
person_aleksandr_ostrovskiy,coworker ,person_nikita_mikhalkov,1.0
person_andrzej_bartkowiak,coworker ,person_russell_wong,1.0
person_brian_keith,coworker ,person_marlon_brando,1.0
person_clayton_rohner,coworker ,person_darryl_sollerh,1.0
person_daniel_auteuil,coworker ,person_marcel_pagnol,1.0
person_libgart_schwarz,coworker ,person_wim_wenders,1.0
person_neva_patterson,coworker ,person_keir_dullea,1.0
person_robert_chomiak,coworker ,person_andrew_currie,1.0
person_yûzô_kayama,coworker ,person_tsutomu_yamazaki,1.0
person_aaron_eckhart,coworker ,person_john_carroll_lynch,1.0
person_aaron_j._wiederspahn,coworker ,person_david_strathairn,1.0
person_george_nolfi,coworker ,person_kiefer_sutherland,1.0
person_gladys_hill,coworker ,person_john_huston,1.0
person_malinda_williams,coworker ,person_mekhi_phifer,1.0
person_sayeed_qadri,coworker ,person_akshay_kumar,1.0
person_barbara_stanwyck,coworker ,person_adolphe_menjou,1.0
person_dan_gordon,coworker ,person_ernie_reyes_jr.,1.0
person_djimon_hounsou,coworker ,person_michael_bay,1.0
person_kevin_p._mccarthy,coworker ,person_caitlyn_rund,1.0
person_michèle_morgan,coworker ,person_jean_marsan,1.0
person_rita_johnson,coworker ,person_robert_cummings,1.0
person_rita_johnson,coworker ,person_st._clair_mckelway,1.0
person_carl_marotte,coworker ,person_robin_gammell,1.0
person_kôki_mitani,coworker ,person_tokyo_sunshine_boys,1.0
person_gerrit_graham,coworker ,person_ron_clements,1.0
person_jeff_fisher,coworker ,person_gloria_votsis,1.0
person_julia_stiles,coworker ,person_frederick_weller,1.0
person_mel_smith,coworker ,person_george_lucas,1.0
person_tokyo_sunshine_boys,coworker ,person_toshiaki_karasawa,1.0
person_angus_fraser,coworker ,person_lynne_stopkewich,1.0
person_charlotte_ross,coworker ,person_april_smith,1.0
person_jay_presson_allen,coworker ,person_martin_gabel,1.0
person_judi_dench,coworker ,person_kevin_spacey,1.0
person_lynne_stopkewich,coworker ,person_natasha_morley,1.0
person_robert_scheerer,coworker ,person_roscoe_lee_browne,1.0
person_stephen_amidon,coworker ,person_fabrizio_bentivoglio,1.0
person_walter_doniger,coworker ,person_joseph_h._lewis,1.0
person_brian_levant,coworker ,person_philip_halprin,1.0
person_james_coburn,coworker ,person_jim_kouf,1.0
person_mary_stuart_masterson,coworker ,person_brian_benben,1.0
person_sunil_shetty,coworker ,person_priyadarshan,1.0
person_tom_hanks,coworker ,person_doug_chamberlin,1.0
person_keiko_toda,coworker ,person_toshiaki_karasawa,1.0
person_olivia_colman,coworker ,person_bill_murray,1.0
person_aaron_j._wiederspahn,coworker ,person_daniel_gillies,1.0
person_jane_greer,coworker ,person_keenan_wynn,1.0
person_nate_monaster,coworker ,person_bill_larkin,1.0
person_saoirse_ronan,coworker ,person_eric_bana,1.0
person_william_broyles_jr.,coworker ,person_clint_eastwood,1.0
person_eugene_archer,coworker ,person_mimsy_farmer,1.0
person_francia_raisa,coworker ,person_allison_scagliotti,1.0
person_klaus_grünberg,coworker ,person_paul_gardner,1.0
person_steve_james,coworker ,person_william_gates,1.0
person_william_peter_blatty,coworker ,person_ed_flanders,1.0
person_douglas_smith,coworker ,person_rafal_zielinski,1.0
person_edward_knoblock,coworker ,person_william_dieterle,1.0
person_elizabeth_taylor,coworker ,person_brian_keith,1.0
person_harris_yulin,coworker ,person_susie_essman,1.0
person_jodi_benson,coworker ,person_gerrit_graham,1.0
person_alex_kurtzman,coworker ,person_sean_bean,1.0
person_charlize_theron,coworker ,person_merian_c._cooper,1.0
person_matt_damon,coworker ,person_francis_ford_coppola,1.0
person_norio_wakamoto,coworker ,person_hideaki_anno,1.0
person_robert_wisden,coworker ,person_simon_moore,1.0
person_barbara_graham,coworker ,person_don_mankiewicz,1.0
person_matthew_perry,coworker ,person_jason_filardi,1.0
person_minoru_chiaki,coworker ,person_hideo_oguni,1.0
person_natalie_portman,coworker ,person_andres_heinz,1.0
person_brad_dourif,coworker ,person_scout_taylor-compton,1.0
person_daniel_zelik_berk,coworker ,person_max_perlich,1.0
person_david_wu,coworker ,person_bridget_fonda,1.0
person_kevin_conway,coworker ,person_jerry_ciccoritti,1.0
person_kevin_kline,coworker ,person_rick_moody,1.0
person_richard_nelson,coworker ,person_samuel_west,1.0
person_sidney_buchman,coworker ,person_ernst_marischka,1.0
person_jay_richard_kennedy,coworker ,person_susan_hayward,1.0
person_joan_allen,coworker ,person_kevin_kline,1.0
person_max_perlich,coworker ,person_adam_grossman,1.0
person_robin_houston,coworker ,person_raymond_briggs,1.0
person_sameera_reddy,coworker ,person_ashiesh_pandit,1.0
person_aaliyah,coworker ,person_jet_li,1.0
person_dennis_heaton,coworker ,person_robert_chomiak,1.0
person_eldar_ryazanov,coworker ,person_alisa_freyndlikh,1.0
person_joss_ackland,coworker ,person_steven_brill,1.0
person_ken_russell,coworker ,person_christopher_gable,1.0
person_victor_slezak,coworker ,person_robert_james_waller,1.0
person_bill_murray,coworker ,person_laura_linney,1.0
person_brandon_camp,coworker ,person_aaron_eckhart,1.0
person_lasse_hallström,coworker ,person_judi_dench,1.0
person_masato_ide,coworker ,person_shûgorô_yamamoto,1.0
person_pascal_laugier,coworker ,person_robert_toupin,1.0
person_sam_graham,coworker ,person_ron_clements,1.0
person_simon_oakland,coworker ,person_robert_wise,1.0
person_tommy_swerdlow,coworker ,person_jim_kouf,1.0
person_brian_benben,coworker ,person_mel_smith,1.0
person_christopher_daniel_barnes,coworker ,person_howard_ashman,1.0
person_clare_clifford,coworker ,person_bharat_nalluri,1.0
person_cynthia_rothrock,coworker ,person_doug_wright,1.0
person_john_mcintire,coworker ,person_harry_keller,1.0
person_william_sadler,coworker ,person_bob_gunton,1.0
person_don_mckellar,coworker ,person_eduardo_semerjian,1.0
person_guglielmo_pinelli,coworker ,person_paolo_virzì,1.0
person_joan_cusack,coworker ,person_tom_hanks,1.0
person_scarlett_johansson,coworker ,person_ewan_mcgregor,1.0
person_wesley_strick,coworker ,person_leslie_charteris,1.0
person_anita_page,coworker ,person_j.p._mcevoy,1.0
person_caitlyn_rund,coworker ,person_moisés_acevedo,1.0
person_leonard_nimoy,coworker ,person_christine_lahti,1.0
person_majid_niroumand,coworker ,person_musa_torkizadeh,1.0
person_ron_osborn,coworker ,person_brian_benben,1.0
person_deepa_mehta,coworker ,person_salman_rushdie,1.0
person_frederick_marx,coworker ,person_steve_james,1.0
person_gene_wilder,coworker ,person_mary_stuart_masterson,1.0
person_lesley_ann_warren,coworker ,person_mary_gaitskill,1.0
person_michael_douglas,coworker ,person_martin_donovan,1.0
person_yudai_yamaguchi,coworker ,person_ryô,1.0
person_barbara_stanwyck,coworker ,person_william_holden,1.0
person_clayton_rohner,coworker ,person_stephen_king,1.0
person_james_craig,coworker ,person_william_dieterle,1.0
person_jayne_regan,coworker ,person_thomas_beck,1.0
person_simon_oakland,coworker ,person_theodore_bikel,1.0
person_julie_harris,coworker ,person_carson_mccullers,1.0
person_kevin_kline,coworker ,person_henry_czerny,1.0
person_peter_handke,coworker ,person_wim_wenders,1.0
person_tom_glynn,coworker ,person_ayad_akhtar,1.0
person_ty_hardin,coworker ,person_charlton_ogburn_jr.,1.0
person_linus_roache,coworker ,person_graham_phillips,1.0
person_matthew_sand,coworker ,person_rain,1.0
person_philippe_blasband,coworker ,person_frédéric_fonteyne,1.0
person_raul_inglis,coworker ,person_justine_warrington,1.0
person_russell_wong,coworker ,person_eric_bernt,1.0
person_akshay_kumar,coworker ,person_sayeed_qadri,1.0
person_gene_nelson,coworker ,person_doris_day,1.0
person_helen_deutsch,coworker ,person_jo_van_fleet,1.0
person_howard_ashman,coworker ,person_hans_christian_andersen,1.0
person_john_benjamin_hickey,coworker ,person_paul_haggis,1.0
person_josh_pais,coworker ,person_jess_weixler,1.0
person_pat_carroll,coworker ,person_christopher_daniel_barnes,1.0
person_sabine_azéma,coworker ,person_kad_merad,1.0
person_tim_dekay,coworker ,person_louise_fletcher,1.0
person_chris_webb,coworker ,person_joan_cusack,1.0
person_gene_nelson,coworker ,person_karl_kamb,1.0
person_jeanne_moreau,coworker ,person_michel_bouquet,1.0
person_curtis_gates,coworker ,person_william_gates,1.0
person_francis_ford_coppola,coworker ,person_matt_damon,1.0
person_jon_voight,coworker ,person_danny_devito,1.0
person_tom_hanks,coworker ,person_kelsey_grammer,1.0
person_efthymis_filippou,coworker ,person_aris_servetalis,1.0
person_elisabeth_shue,coworker ,person_leslie_charteris,1.0
person_frank_vincent,coworker ,person_john_bosher,1.0
person_john_huston,coworker ,person_chapman_mortimer,1.0
person_johnny_vekris,coworker ,person_efthymis_filippou,1.0
person_judi_dench,coworker ,person_lasse_hallström,1.0
person_justine_warrington,coworker ,person_raul_inglis,1.0
person_mark_gonzales,coworker ,person_lauren_curry,1.0
person_mike_connolly,coworker ,person_helen_deutsch,1.0
person_ron_clements,coworker ,person_sam_graham,1.0
person_ruth_gordon,coworker ,person_judy_holliday,1.0
